{
  "IcoMoonType": "selection",
  "icons": [
    {
      "icon": {
        "paths": [
          "M2730.667 512c0 282.77-229.23 512-512 512s-512-229.23-512-512c0-282.77 229.23-512 512-512s512 229.23 512 512z",
          "M1024 512c0 282.77-229.23 512-512 512s-512-229.23-512-512c0-282.77 229.23-512 512-512s512 229.23 512 512z",
          "M4437.333 512c0 282.77-229.23 512-512 512s-512-229.23-512-512c0-282.77 229.23-512 512-512s512 229.23 512 512z"
        ],
        "attrs": [
          {
            "fill": "rgb(255, 255, 255)"
          },
          {
            "fill": "rgb(255, 255, 255)"
          },
          {
            "fill": "rgb(255, 255, 255)"
          }
        ],
        "width": 4437,
        "isMulticolor": false,
        "isMulticolor2": false,
        "grid": 0,
        "tags": [
          "Group 4"
        ]
      },
      "attrs": [
        {
          "fill": "rgb(255, 255, 255)"
        },
        {
          "fill": "rgb(255, 255, 255)"
        },
        {
          "fill": "rgb(255, 255, 255)"
        }
      ],
      "properties": {
        "order": 35,
        "id": 1,
        "name": "dots",
        "prevSize": 32
      },
      "setIdx": 0,
      "setId": 1,
      "iconIdx": 0
    }
  ],
  "height": 1024,
  "preferences": {
    "showGlyphs": true,
    "showCodes": true,
    "showQuickUse": true,
    "showQuickUse2": true,
    "showSVGs": true,
    "fontPref": {
      "prefix": "icon-",
      "metadata": {},
      "metrics": {
        "emSize": 1024,
        "baseline": 6.25,
        "whitespace": 50
      }
    },
    "imagePref": {
      "prefix": "icon-",
      "png": true,
      "useClassSelector": true,
      "color": 0,
      "bgColor": 16777215,
      "name": "icomoon",
      "classSelector": ".icon",
      "height": 32,
      "columns": 16,
      "margin": 16,
      "sprite": false
    },
    "historySize": 50,
    "gridSize": 16
  }
}